fire,FRE_GJ
Caldwell,34636255.29
East Troublesome,4263400.7658
Watson Creek,62682810.78960001
Cameron Peak,9076388.4216
Jennies Peak 1039 Rn,6207107.597099999
Chetco Bar,5413321.0863
Pine Gulch,3014146.1082
