fire,mean_dNBR,sd_dNBR,min_dNBR,max_dNBR
EAST TROUBLESOME,0.35691537313327415,0.2678056163810675,-0.969,1.181
