fire,mean_dNBR,sd_dNBR,min_dNBR,max_dNBR
PINE GULCH,0.09595205243394662,0.19850402861821625,-1.488,1.086
