fire,mean_dNBR,sd_dNBR,min_dNBR,max_dNBR
CALDWELL,8.539064769097105e-7,0.003045725529915138,-0.0245,0.0343
