fire,mean_dNBR,sd_dNBR,min_dNBR,max_dNBR
CAMERON PEAK,0.36617624026307916,0.2931929407645992,-1,1.141
