fire,mean_dNBR,sd_dNBR,min_dNBR,max_dNBR
CHETCO BAR,0.0412901544776099,0.1281822799384179,-0.533,1.034
