fire,mean_dNBR,sd_dNBR,min_dNBR,max_dNBR
JENNIES PEAK 1039 RN,0.004795063103924275,0.02147993254386081,-0.0742,0.0964
