fire,mean_dNBR,sd_dNBR,min_dNBR,max_dNBR
WATSON CREEK,0.045722921724182,0.1800372422230361,-0.825,1.086
